Workbook

Sheet Testing Checklist
A1: Tylented — Full Testing Checklist
A2: 97 items across auth, tier gating, all 3 web portals, admin dashboard, billing, all 3 Chrome extensions, security, and legal. Filter the Area column (row 4) to work through one section at a time.
A4: # | B4: Area | C4: Test Item | D4: Priority | E4: Status | F4: Notes
A5: 1 | B5: Auth & Account | C5: Email/password signup sends verification email | D5: Critical | E5: Not Started
A6: 2 | B6: Auth & Account | C6: Verification link click flips email_verified to true | D6: Critical | E6: Not Started
A7: 3 | B7: Auth & Account | C7: Login with verified email + password | D7: Critical | E7: Not Started
A8: 4 | B8: Auth & Account | C8: Google OAuth signup (new user) | D8: Critical | E8: Not Started
A9: 5 | B9: Auth & Account | C9: Google OAuth login (existing user) | D9: Critical | E9: Not Started
A10: 6 | B10: Auth & Account | C10: Forgot password -> reset email -> reset flow completes | D10: High | E10: Not Started
A11: 7 | B11: Auth & Account | C11: Unverified-email users are blocked/warned where required | D11: Medium | E11: Not Started
A12: 8 | B12: Auth & Account | C12: Logout clears tokens correctly on web and in both extensions | D12: High | E12: Not Started
A13: 9 | B13: Auth & Account | C13: JWT auto-refresh on 401 works transparently (no forced re-login) | D13: High | E13: Not Started
A14: 10 | B14: Tier Gating | C14: Free user is blocked (403) from every AI tool endpoint | D14: Critical | E14: Not Started
A15: 11 | B15: Tier Gating | C15: Free user can use Rate Calculator + Invoice Generator with no login | D15: High | E15: Not Started
A16: 12 | B16: Tier Gating | C16: AI Tool tier unlocks AI tools but NOT Chrome extension access | D16: Critical | E16: Not Started
... A101: 97 | B101: Feedback Loop & Domain | C101: OAuth redirect URIs updated for the tylented.com production host | D101: Critical | E101: Not Started

Sheet Summary
A1: Area | B1: Total Items | C1: Pass | D1: Fail | E1: In Progress | F1: Not Started | G1: Blocked | H1: N/A
A2: Auth & Account | B2: =COUNTIF('Testing Checklist'!$B$5:$B$101,A2) -> 9 | C2: =SUMPRODUCT(('Testing Checklist'!$B$5:$B$101=A2)*('Testing Checklist'!$E$5:$E$101="Pass")) -> 0 | D2: =SUMPRODUCT(('Testing Checklist'!$B$5:$B$101=A2)*('Testing Checklist'!$E$5:$E$101="Fail")) -> 0 | E2: =SUMPRODUCT(('Testing Checklist'!$B$5:$B$101=A2)*('Testing Checklist'!$E$5:$E$101="In Progress")) -> 0 | F2: =SUMPRODUCT(('Testing Checklist'!$B$5:$B$101=A2)*('Testing Checklist'!$E$5:$E$101="Not Started")) -> 9 | G2: =SUMPRODUCT(('Testing Checklist'!$B$5:$B$101=A2)*('Testing Checklist'!$E$5:$E$101="Blocked")) -> 0 | H2: =SUMPRODUCT(('Testing Checklist'!$B$5:$B$101=A2)*('Testing Checklist'!$E$5:$E$101="N/A")) -> 0
A3: Tier Gating | B3: =COUNTIF('Testing Checklist'!$B$5:$B$101,A3) -> 7 | C3: =SUMPRODUCT(('Testing Checklist'!$B$5:$B$101=A3)*('Testing Checklist'!$E$5:$E$101="Pass")) -> 0 | D3: =SUMPRODUCT(('Testing Checklist'!$B$5:$B$101=A3)*('Testing Checklist'!$E$5:$E$101="Fail")) -> 0 | E3: =SUMPRODUCT(('Testing Checklist'!$B$5:$B$101=A3)*('Testing Checklist'!$E$5:$E$101="In Progress")) -> 0 | F3: =SUMPRODUCT(('Testing Checklist'!$B$5:$B$101=A3)*('Testing Checklist'!$E$5:$E$101="Not Started")) -> 7 | G3: =SUMPRODUCT(('Testing Checklist'!$B$5:$B$101=A3)*('Testing Checklist'!$E$5:$E$101="Blocked")) -> 0 | H3: =SUMPRODUCT(('Testing Checklist'!$B$5:$B$101=A3)*('Testing Checklist'!$E$5:$E$101="N/A")) -> 0
A4: Job Search Portal | B4: =COUNTIF('Testing Checklist'!$B$5:$B$101,A4) -> 8 | C4: =SUMPRODUCT(('Testing Checklist'!$B$5:$B$101=A4)*('Testing Checklist'!$E$5:$E$101="Pass")) -> 0 | D4: =SUMPRODUCT(('Testing Checklist'!$B$5:$B$101=A4)*('Testing Checklist'!$E$5:$E$101="Fail")) -> 0 | E4: =SUMPRODUCT(('Testing Checklist'!$B$5:$B$101=A4)*('Testing Checklist'!$E$5:$E$101="In Progress")) -> 0 | F4: =SUMPRODUCT(('Testing Checklist'!$B$5:$B$101=A4)*('Testing Checklist'!$E$5:$E$101="Not Started")) -> 8 | G4: =SUMPRODUCT(('Testing Checklist'!$B$5:$B$101=A4)*('Testing Checklist'!$E$5:$E$101="Blocked")) -> 0 | H4: =SUMPRODUCT(('Testing Checklist'!$B$5:$B$101=A4)*('Testing Checklist'!$E$5:$E$101="N/A")) -> 0
A5: Freelancer Portal | B5: =COUNTIF('Testing Checklist'!$B$5:$B$101,A5) -> 8 | C5: =SUMPRODUCT(('Testing Checklist'!$B$5:$B$101=A5)*('Testing Checklist'!$E$5:$E$101="Pass")) -> 0 | D5: =SUMPRODUCT(('Testing Checklist'!$B$5:$B$101=A5)*('Testing Checklist'!$E$5:$E$101="Fail")) -> 0 | E5: =SUMPRODUCT(('Testing Checklist'!$B$5:$B$101=A5)*('Testing Checklist'!$E$5:$E$101="In Progress")) -> 0 | F5: =SUMPRODUCT(('Testing Checklist'!$B$5:$B$101=A5)*('Testing Checklist'!$E$5:$E$101="Not Started")) -> 8 | G5: =SUMPRODUCT(('Testing Checklist'!$B$5:$B$101=A5)*('Testing Checklist'!$E$5:$E$101="Blocked")) -> 0 | H5: =SUMPRODUCT(('Testing Checklist'!$B$5:$B$101=A5)*('Testing Checklist'!$E$5:$E$101="N/A")) -> 0
A6: Developer Portal | B6: =COUNTIF('Testing Checklist'!$B$5:$B$101,A6) -> 6 | C6: =SUMPRODUCT(('Testing Checklist'!$B$5:$B$101=A6)*('Testing Checklist'!$E$5:$E$101="Pass")) -> 0 | D6: =SUMPRODUCT(('Testing Checklist'!$B$5:$B$101=A6)*('Testing Checklist'!$E$5:$E$101="Fail")) -> 0 | E6: =SUMPRODUCT(('Testing Checklist'!$B$5:$B$101=A6)*('Testing Checklist'!$E$5:$E$101="In Progress")) -> 0 | F6: =SUMPRODUCT(('Testing Checklist'!$B$5:$B$101=A6)*('Testing Checklist'!$E$5:$E$101="Not Started")) -> 6 | G6: =SUMPRODUCT(('Testing Checklist'!$B$5:$B$101=A6)*('Testing Checklist'!$E$5:$E$101="Blocked")) -> 0 | H6: =SUMPRODUCT(('Testing Checklist'!$B$5:$B$101=A6)*('Testing Checklist'!$E$5:$E$101="N/A")) -> 0
A7: Admin Dashboard | B7: =COUNTIF('Testing Checklist'!$B$5:$B$101,A7) -> 12 | C7: =SUMPRODUCT(('Testing Checklist'!$B$5:$B$101=A7)*('Testing Checklist'!$E$5:$E$101="Pass")) -> 0 | D7: =SUMPRODUCT(('Testing Checklist'!$B$5:$B$101=A7)*('Testing Checklist'!$E$5:$E$101="Fail")) -> 0 | E7: =SUMPRODUCT(('Testing Checklist'!$B$5:$B$101=A7)*('Testing Checklist'!$E$5:$E$101="In Progress")) -> 0 | F7: =SUMPRODUCT(('Testing Checklist'!$B$5:$B$101=A7)*('Testing Checklist'!$E$5:$E$101="Not Started")) -> 12 | G7: =SUMPRODUCT(('Testing Checklist'!$B$5:$B$101=A7)*('Testing Checklist'!$E$5:$E$101="Blocked")) -> 0 | H7: =SUMPRODUCT(('Testing Checklist'!$B$5:$B$101=A7)*('Testing Checklist'!$E$5:$E$101="N/A")) -> 0
A8: Billing / Stripe | B8: =COUNTIF('Testing Checklist'!$B$5:$B$101,A8) -> 11 | C8: =SUMPRODUCT(('Testing Checklist'!$B$5:$B$101=A8)*('Testing Checklist'!$E$5:$E$101="Pass")) -> 0 | D8: =SUMPRODUCT(('Testing Checklist'!$B$5:$B$101=A8)*('Testing Checklist'!$E$5:$E$101="Fail")) -> 0 | E8: =SUMPRODUCT(('Testing Checklist'!$B$5:$B$101=A8)*('Testing Checklist'!$E$5:$E$101="In Progress")) -> 0 | F8: =SUMPRODUCT(('Testing Checklist'!$B$5:$B$101=A8)*('Testing Checklist'!$E$5:$E$101="Not Started")) -> 11 | G8: =SUMPRODUCT(('Testing Checklist'!$B$5:$B$101=A8)*('Testing Checklist'!$E$5:$E$101="Blocked")) -> 0 | H8: =SUMPRODUCT(('Testing Checklist'!$B$5:$B$101=A8)*('Testing Checklist'!$E$5:$E$101="N/A")) -> 0
A9: Job Search Extension | B9: =COUNTIF('Testing Checklist'!$B$5:$B$101,A9) -> 10 | C9: =SUMPRODUCT(('Testing Checklist'!$B$5:$B$101=A9)*('Testing Checklist'!$E$5:$E$101="Pass")) -> 0 | D9: =SUMPRODUCT(('Testing Checklist'!$B$5:$B$101=A9)*('Testing Checklist'!$E$5:$E$101="Fail")) -> 0 | E9: =SUMPRODUCT(('Testing Checklist'!$B$5:$B$101=A9)*('Testing Checklist'!$E$5:$E$101="In Progress")) -> 0 | F9: =SUMPRODUCT(('Testing Checklist'!$B$5:$B$101=A9)*('Testing Checklist'!$E$5:$E$101="Not Started")) -> 10 | G9: =SUMPRODUCT(('Testing Checklist'!$B$5:$B$101=A9)*('Testing Checklist'!$E$5:$E$101="Blocked")) -> 0 | H9: =SUMPRODUCT(('Testing Checklist'!$B$5:$B$101=A9)*('Testing Checklist'!$E$5:$E$101="N/A")) -> 0
A10: Freelance Extension | B10: =COUNTIF('Testing Checklist'!$B$5:$B$101,A10) -> 7 | C10: =SUMPRODUCT(('Testing Checklist'!$B$5:$B$101=A10)*('Testing Checklist'!$E$5:$E$101="Pass")) -> 0 | D10: =SUMPRODUCT(('Testing Checklist'!$B$5:$B$101=A10)*('Testing Checklist'!$E$5:$E$101="Fail")) -> 0 | E10: =SUMPRODUCT(('Testing Checklist'!$B$5:$B$101=A10)*('Testing Checklist'!$E$5:$E$101="In Progress")) -> 0 | F10: =SUMPRODUCT(('Testing Checklist'!$B$5:$B$101=A10)*('Testing Checklist'!$E$5:$E$101="Not Started")) -> 7 | G10: =SUMPRODUCT(('Testing Checklist'!$B$5:$B$101=A10)*('Testing Checklist'!$E$5:$E$101="Blocked")) -> 0 | H10: =SUMPRODUCT(('Testing Checklist'!$B$5:$B$101=A10)*('Testing Checklist'!$E$5:$E$101="N/A")) -> 0
A11: Developer Extension | B11: =COUNTIF('Testing Checklist'!$B$5:$B$101,A11) -> 4 | C11: =SUMPRODUCT(('Testing Checklist'!$B$5:$B$101=A11)*('Testing Checklist'!$E$5:$E$101="Pass")) -> 0 | D11: =SUMPRODUCT(('Testing Checklist'!$B$5:$B$101=A11)*('Testing Checklist'!$E$5:$E$101="Fail")) -> 0 | E11: =SUMPRODUCT(('Testing Checklist'!$B$5:$B$101=A11)*('Testing Checklist'!$E$5:$E$101="In Progress")) -> 0 | F11: =SUMPRODUCT(('Testing Checklist'!$B$5:$B$101=A11)*('Testing Checklist'!$E$5:$E$101="Not Started")) -> 4 | G11: =SUMPRODUCT(('Testing Checklist'!$B$5:$B$101=A11)*('Testing Checklist'!$E$5:$E$101="Blocked")) -> 0 | H11: =SUMPRODUCT(('Testing Checklist'!$B$5:$B$101=A11)*('Testing Checklist'!$E$5:$E$101="N/A")) -> 0
A12: Security & Infra | B12: =COUNTIF('Testing Checklist'!$B$5:$B$101,A12) -> 6 | C12: =SUMPRODUCT(('Testing Checklist'!$B$5:$B$101=A12)*('Testing Checklist'!$E$5:$E$101="Pass")) -> 0 | D12: =SUMPRODUCT(('Testing Checklist'!$B$5:$B$101=A12)*('Testing Checklist'!$E$5:$E$101="Fail")) -> 0 | E12: =SUMPRODUCT(('Testing Checklist'!$B$5:$B$101=A12)*('Testing Checklist'!$E$5:$E$101="In Progress")) -> 0 | F12: =SUMPRODUCT(('Testing Checklist'!$B$5:$B$101=A12)*('Testing Checklist'!$E$5:$E$101="Not Started")) -> 6 | G12: =SUMPRODUCT(('Testing Checklist'!$B$5:$B$101=A12)*('Testing Checklist'!$E$5:$E$101="Blocked")) -> 0 | H12: =SUMPRODUCT(('Testing Checklist'!$B$5:$B$101=A12)*('Testing Checklist'!$E$5:$E$101="N/A")) -> 0
A13: Legal / Compliance | B13: =COUNTIF('Testing Checklist'!$B$5:$B$101,A13) -> 5 | C13: =SUMPRODUCT(('Testing Checklist'!$B$5:$B$101=A13)*('Testing Checklist'!$E$5:$E$101="Pass")) -> 0 | D13: =SUMPRODUCT(('Testing Checklist'!$B$5:$B$101=A13)*('Testing Checklist'!$E$5:$E$101="Fail")) -> 0 | E13: =SUMPRODUCT(('Testing Checklist'!$B$5:$B$101=A13)*('Testing Checklist'!$E$5:$E$101="In Progress")) -> 0 | F13: =SUMPRODUCT(('Testing Checklist'!$B$5:$B$101=A13)*('Testing Checklist'!$E$5:$E$101="Not Started")) -> 5 | G13: =SUMPRODUCT(('Testing Checklist'!$B$5:$B$101=A13)*('Testing Checklist'!$E$5:$E$101="Blocked")) -> 0 | H13: =SUMPRODUCT(('Testing Checklist'!$B$5:$B$101=A13)*('Testing Checklist'!$E$5:$E$101="N/A")) -> 0
A14: Feedback Loop & Domain | B14: =COUNTIF('Testing Checklist'!$B$5:$B$101,A14) -> 4 | C14: =SUMPRODUCT(('Testing Checklist'!$B$5:$B$101=A14)*('Testing Checklist'!$E$5:$E$101="Pass")) -> 0 | D14: =SUMPRODUCT(('Testing Checklist'!$B$5:$B$101=A14)*('Testing Checklist'!$E$5:$E$101="Fail")) -> 0 | E14: =SUMPRODUCT(('Testing Checklist'!$B$5:$B$101=A14)*('Testing Checklist'!$E$5:$E$101="In Progress")) -> 0 | F14: =SUMPRODUCT(('Testing Checklist'!$B$5:$B$101=A14)*('Testing Checklist'!$E$5:$E$101="Not Started")) -> 4 | G14: =SUMPRODUCT(('Testing Checklist'!$B$5:$B$101=A14)*('Testing Checklist'!$E$5:$E$101="Blocked")) -> 0 | H14: =SUMPRODUCT(('Testing Checklist'!$B$5:$B$101=A14)*('Testing Checklist'!$E$5:$E$101="N/A")) -> 0
A15: TOTAL | B15: =SUM(B2:B14) -> 97 | C15: =SUM(C2:C14) -> 0 | D15: =SUM(D2:D14) -> 0 | E15: =SUM(E2:E14) -> 0 | F15: =SUM(F2:F14) -> 97 | G15: =SUM(G2:G14) -> 0 | H15: =SUM(H2:H14) -> 0
